{"schemaVersion":"1.0","appDefinitionTemplate":{"id":"/providers/Microsoft.PowerApps/apps/","type":"Microsoft.PowerApps/apps","tags":{"primaryDeviceWidth":"2047","primaryDeviceHeight":"823","supportsPortrait":"true","supportsLandscape":"true","primaryFormFactor":"Tablet","showStatusBar":"false","publisherVersion":"3.25102.17","minimumRequiredApiVersion":"2.2.0","hasComponent":"false","hasUnlockedComponent":"false","isUnifiedRootApp":"false","sienaVersion":"20251103T120918Z-3.25102.17.0"},"properties":{"appVersion":"2025-11-03T12:09:18Z","lifeCycleId":"Published","createdByClientVersion":{"major":3,"minor":25102,"build":17,"revision":0,"majorRevision":0,"minorRevision":0},"minClientVersion":{"major":3,"minor":25102,"build":17,"revision":0,"majorRevision":0,"minorRevision":0},"backgroundColor":"RGBA(0,176,240,1)","backgroundImageUri":"/14060031692858192416/N1c6b458f-d398-497e-8946-a3a7f0e50c59-logoSmallFile","displayName":"Fitness Assessment Canvas App","description":"","aiGeneratedDescription":"Enable healthcare teams to manage patient fitness assessments and well check records with ease. Track vital health metrics, including blood pressure and glucose levels. Quickly search for patients, document new assessments, and process updates or requests related to patient well checks.","commitMessage":"","appUris":{"documentUri":{"value":"/14060031692858192416/Nb64cdc80-02a7-48cf-846d-a35503a6bed1-document.msapp"},"imageUris":[],"additionalUris":[{"isSolutionAware":false,"value":"/14060031692858192416/N684d3927-4b59-450c-a2f2-3b96a96be6f4-identity.json"}]},"createdTime":"0001-01-01T00:00:00Z","lastModifiedTime":"0001-01-01T00:00:00Z","sharedGroupsCount":0,"sharedUsersCount":0,"connectionReferences":{"910dde55-4d37-48c3-9c69-529ae092fbca":{"id":"8ff42c2b-e23b-4ac4-91bd-666e52446d6f","displayName":"SQL Server","runtimePolicyName":"5ae66325-73dd-4de9-9c27-d37c3aa7e347","executionRestrictions":{"version":2,"modifiedOn":"2025-11-03 12:09:17","appVer":"3.25102.17","apiId":"/providers/microsoft.powerapps/apis/shared_sql","apiVer":2,"policy":"{\"tabularActions\":{\"[dbo].[nursingpatient]\":[\"get\"],\"[dbo].[nursingwellcheck]\":[\"post\",\"patch\",\"get\",\"delete\"]},\"serviceActions\":[]}"},"iconUri":"https://conn-afd-prod-endpoint-bmc9bqahasf3grgk.b01.azurefd.net/v1.0.1769/1.0.1769.4360/sql/icon.png","dataSources":["NursingPatient","NursingWellCheck"],"dependencies":[],"dependents":["2af056c0-4ca7-44e6-8908-0700166a3016"],"parameterHints":{},"parameterHintsV2":{},"isOnPremiseConnection":false,"sharedConnectionId":"80994366-f2ee-4714-86a8-a343adfe977d","bypassConsent":false,"dataSets":{"pragmaticworks.database.windows.net,Demo":{"dataSources":{"NursingPatient":{"tableName":"[dbo].[NursingPatient]"},"NursingWellCheck":{"tableName":"[dbo].[NursingWellCheck]"}}}},"apiTier":"Premium","isCustomApiConnection":false,"authenticationType":"sqlAuthentication","actions":["providers/PowerPlatform.Governance/Operations/Read","providers/PowerPlatform.Governance/Operations/Write","providers/PowerPlatform.Governance/Operations/Delete"],"endpoints":["pragmaticworks.database.windows.net,Demo"]},"2af056c0-4ca7-44e6-8908-0700166a3016":{"id":"3d934987-51ec-47e0-be93-d4c3e1e9ff19","displayName":"Logic flows","iconUri":"https://conn-afd-prod-endpoint-bmc9bqahasf3grgk.b01.azurefd.net/v1.0.1774/1.0.1774.4397/logicflows/icon.png","dataSources":["MDPPatientAprovalUpdate"],"dependencies":["910dde55-4d37-48c3-9c69-529ae092fbca","b6abd017-f4ba-451a-8528-99faa4be3246"],"dependents":[],"parameterHints":{"workflowName":{"value":"7350e664-ae5a-4642-9cea-b5728c8a01c7"},"workflowEntityId":{},"workflowDisplayName":{"value":"MDP Patient Aproval Update"},"910dde55-4d37-48c3-9c69-529ae092fbca":{"value":"shared_sql"},"b6abd017-f4ba-451a-8528-99faa4be3246":{"value":"shared_approvals"}},"parameterHintsV2":{"workflowName":{"value":"7350e664-ae5a-4642-9cea-b5728c8a01c7"},"workflowEntityId":{},"workflowDisplayName":{"value":"MDP Patient Aproval Update"},"shared_sql":{"value":"910dde55-4d37-48c3-9c69-529ae092fbca"},"shared_approvals":{"value":"b6abd017-f4ba-451a-8528-99faa4be3246"}},"isOnPremiseConnection":false,"bypassConsent":false,"dataSets":{},"apiTier":"Standard","isCustomApiConnection":false,"actions":["Run"]},"b6abd017-f4ba-451a-8528-99faa4be3246":{"id":"cb319962-c5cf-48ee-9a93-2c3eac8a2a02","displayName":"Standard approvals","iconUri":"https://conn-afd-prod-endpoint-bmc9bqahasf3grgk.b01.azurefd.net/v1.0.1774/1.0.1774.4397/approvals/icon.png","dataSources":[],"dependencies":[],"dependents":["2af056c0-4ca7-44e6-8908-0700166a3016"],"parameterHints":{},"parameterHintsV2":{},"isOnPremiseConnection":false,"bypassConsent":false,"dataSets":{},"apiTier":"Standard","isCustomApiConnection":false}},"databaseReferences":{},"almMode":"Environment","performanceOptimizationEnabled":true,"canConsumeAppPass":true,"enableModernRuntimeMode":false,"executionRestrictions":{"isTeamsOnly":false,"dataLossPreventionEvaluationResult":{"status":"Compliant","lastEvaluationDate":"2025-11-01T12:33:07.7580739Z","violations":[],"violationsByPolicy":[],"violationErrorMessage":"The app uses the following connectors: ."}}},"isAppComponentLibrary":false,"appType":"ClassicCanvasApp","appComponents":[]}}