{"name":"a1715be1-0d9a-4124-a7a6-7e6674057af8","id":"/providers/Microsoft.Flow/flows/a1715be1-0d9a-4124-a7a6-7e6674057af8","type":"Microsoft.Flow/flows","properties":{"apiId":"/providers/Microsoft.PowerApps/apis/shared_logicflows","displayName":"MDP Patient Aproval Update","definition":{"metadata":{"workflowEntityId":null,"processAdvisorMetadata":null,"flowChargedByPaygo":null,"flowclientsuspensionreason":"None","flowclientsuspensiontime":null,"flowclientsuspensionreasondetails":null,"creator":{"id":"9613f1cf-2f1b-4c31-8c07-5603df6d2106","type":"User","tenantId":"d921708f-4138-4e05-a091-1b8cc7c30b8f"},"provisioningMethod":"FromDefinition","failureAlertSubscription":true,"clientLastModifiedTime":"2025-11-03T11:40:06.3866587Z","connectionKeySavedTimeKey":"2025-11-03T11:40:06.3866587Z","creationSource":"PowerappsPpux","modifiedSources":"PowerappsPpux"},"$schema":"https://schema.management.azure.com/providers/Microsoft.Logic/schemas/2016-06-01/workflowdefinition.json#","contentVersion":"1.0.0.0","parameters":{"$connections":{"defaultValue":{},"type":"Object"},"$authentication":{"defaultValue":{},"type":"SecureObject"}},"triggers":{"manual":{"metadata":{"operationMetadataId":"98361b36-60e7-455d-bf1e-f5fb821bb2c9"},"type":"Request","kind":"PowerAppV2","inputs":{"schema":{"type":"object","properties":{"text":{"title":"PatientID","type":"string","x-ms-dynamically-added":true,"description":"Please enter your input","x-ms-content-hint":"TEXT"},"text_1":{"title":"WellCheckID","type":"string","x-ms-dynamically-added":true,"description":"Please enter your input","x-ms-content-hint":"TEXT"}},"required":["text","text_1"]}}}},"actions":{"Get_row_(V2)_-_Get_Patient_Record":{"runAfter":{},"metadata":{"operationMetadataId":"8482626e-8e98-419a-8ec6-82e2bdf9ae84"},"type":"OpenApiConnection","inputs":{"host":{"apiId":"/providers/Microsoft.PowerApps/apis/shared_sql","connectionName":"shared_sql","operationId":"GetItem_V2"},"parameters":{"server":"default","database":"default","table":"[dbo].[NursingPatient]","id":"@triggerBody()['text']"},"authentication":{"value":"@json(decodeBase64(triggerOutputs().headers['X-MS-APIM-Tokens']))['$ConnectionKey']","type":"Raw"}}},"Get_row_(V2)_-_Get_Well_Check_Record":{"runAfter":{"Get_row_(V2)_-_Get_Patient_Record":["Succeeded"]},"metadata":{"operationMetadataId":"7cf2f1d9-cf2f-413d-83bd-461eae1207be"},"type":"OpenApiConnection","inputs":{"host":{"apiId":"/providers/Microsoft.PowerApps/apis/shared_sql","connectionName":"shared_sql","operationId":"GetItem_V2"},"parameters":{"server":"default","database":"default","table":"[dbo].[NursingWellCheck]","id":"@triggerBody()['text_1']"},"authentication":{"value":"@json(decodeBase64(triggerOutputs().headers['X-MS-APIM-Tokens']))['$ConnectionKey']","type":"Raw"}}},"Start_and_wait_for_an_approval_-_Approve_or_Reject_for_Patient_Escalation":{"runAfter":{"Get_row_(V2)_-_Get_Well_Check_Record":["Succeeded"]},"metadata":{"operationMetadataId":"2b96271a-15d4-486d-bf77-ea6dadfa289b"},"type":"OpenApiConnectionWebhook","inputs":{"host":{"apiId":"/providers/Microsoft.PowerApps/apis/shared_approvals","connectionName":"shared_approvals","operationId":"StartAndWaitForAnApproval"},"parameters":{"approvalType":"Basic","WebhookApprovalCreationInput/title":"A New Escalation Request for @{outputs('Get_row_(V2)_-_Get_Patient_Record')?['body/FirstName']} @{outputs('Get_row_(V2)_-_Get_Patient_Record')?['body/LastName']} needs attention.","WebhookApprovalCreationInput/assignedTo":"Solomon@enluka.org.uk;","WebhookApprovalCreationInput/details":"Do you approve the escalation request for @{outputs('Get_row_(V2)_-_Get_Patient_Record')?['body/FirstName']} @{outputs('Get_row_(V2)_-_Get_Patient_Record')?['body/LastName']} ?\n\nA few details below;\n\nComment: @{outputs('Get_row_(V2)_-_Get_Well_Check_Record')?['body/Comments']}\n\nBP: @{outputs('Get_row_(V2)_-_Get_Well_Check_Record')?['body/BPSystolic']}/@{outputs('Get_row_(V2)_-_Get_Well_Check_Record')?['body/BPDiastolic']}","WebhookApprovalCreationInput/enableNotifications":true,"WebhookApprovalCreationInput/enableReassignment":true},"authentication":{"value":"@json(decodeBase64(triggerOutputs().headers['X-MS-APIM-Tokens']))['$ConnectionKey']","type":"Raw"}}},"Condition_-_Checking_Approval_Outcome":{"actions":{"Update_row_(V2)_-_Update_Escalation_to_Approved":{"runAfter":{},"metadata":{"operationMetadataId":"58d3ff75-2d59-4a20-a462-5d72df0689dd"},"type":"OpenApiConnection","inputs":{"host":{"apiId":"/providers/Microsoft.PowerApps/apis/shared_sql","connectionName":"shared_sql","operationId":"PatchItem_V2"},"parameters":{"server":"default","database":"default","table":"[dbo].[NursingWellCheck]","id":"@outputs('Get_row_(V2)_-_Get_Well_Check_Record')?['body/WellCheckID']","item/EscalatePatientApproved":true},"authentication":{"value":"@json(decodeBase64(triggerOutputs().headers['X-MS-APIM-Tokens']))['$ConnectionKey']","type":"Raw"}}}},"runAfter":{"Start_and_wait_for_an_approval_-_Approve_or_Reject_for_Patient_Escalation":["Succeeded"]},"else":{"actions":{"Update_row_(V2)":{"runAfter":{},"metadata":{"operationMetadataId":"dec3a1d0-e8b9-4c81-896b-f8012508a996"},"type":"OpenApiConnection","inputs":{"host":{"apiId":"/providers/Microsoft.PowerApps/apis/shared_sql","connectionName":"shared_sql","operationId":"PatchItem_V2"},"parameters":{"server":"default","database":"default","table":"[dbo].[NursingWellCheck]","id":"@outputs('Get_row_(V2)_-_Get_Well_Check_Record')?['body/WellCheckID']","item/EscalatePatientApproved":false},"authentication":{"value":"@json(decodeBase64(triggerOutputs().headers['X-MS-APIM-Tokens']))['$ConnectionKey']","type":"Raw"}}}}},"expression":{"equals":["@outputs('Start_and_wait_for_an_approval_-_Approve_or_Reject_for_Patient_Escalation')?['body/outcome']","Approve"]},"metadata":{"operationMetadataId":"490cfce4-a17a-4db2-9a3d-c38499b8da89"},"type":"If"}}},"connectionReferences":{"shared_sql":{"connectionName":"3a99680cff404c23b65665399e707abf","source":"Invoker","id":"/providers/Microsoft.PowerApps/apis/shared_sql","tier":"NotSpecified","apiName":"sql","isProcessSimpleApiReferenceConversionAlreadyDone":false},"shared_approvals":{"connectionName":"shared-approvals-a856e61f-af75-44a2-9e81-1e39b021b1db","source":"Invoker","id":"/providers/Microsoft.PowerApps/apis/shared_approvals","tier":"NotSpecified","apiName":"approvals","isProcessSimpleApiReferenceConversionAlreadyDone":false}},"flowFailureAlertSubscribed":false,"isManaged":false}}